,param,Sex,age,Mean,P5,P10,P15,P25,P50,P75,P85,P90,P95
0,WEIGHTKG,1,18,74.9,48.5,51.4,53.8,58.4,69.5,86.4,98.4,107.0,118.4
1,WEIGHTKG,1,19,74.9,48.5,51.4,53.8,58.4,69.5,86.4,98.4,107.0,118.4
2,WEIGHTKG,1,20,74.9,48.5,51.4,53.8,58.4,69.5,86.4,98.4,107.0,118.4
3,WEIGHTKG,1,21,74.9,48.5,51.4,53.8,58.4,69.5,86.4,98.4,107.0,118.4
4,WEIGHTKG,1,22,74.9,48.5,51.4,53.8,58.4,69.5,86.4,98.4,107.0,118.4
5,WEIGHTKG,1,23,74.9,48.5,51.4,53.8,58.4,69.5,86.4,98.4,107.0,118.4
6,WEIGHTKG,1,24,74.9,48.5,51.4,53.8,58.4,69.5,86.4,98.4,107.0,118.4
7,WEIGHTKG,1,25,74.9,48.5,51.4,53.8,58.4,69.5,86.4,98.4,107.0,118.4
8,WEIGHTKG,1,26,74.9,48.5,51.4,53.8,58.4,69.5,86.4,98.4,107.0,118.4
9,WEIGHTKG,1,27,74.9,48.5,51.4,53.8,58.4,69.5,86.4,98.4,107.0,118.4
10,WEIGHTKG,1,28,74.9,48.5,51.4,53.8,58.4,69.5,86.4,98.4,107.0,118.4
11,WEIGHTKG,1,29,74.9,48.5,51.4,53.8,58.4,69.5,86.4,98.4,107.0,118.4
12,WEIGHTKG,1,30,77.1,49.4,52.599999999999994,55.7,60.95,71.4,88.95,100.05000000000001,108.9,123.0
13,WEIGHTKG,1,31,79.3,50.3,53.8,57.6,63.5,73.3,91.5,101.7,110.8,127.6
14,WEIGHTKG,1,32,79.3,50.3,53.8,57.6,63.5,73.3,91.5,101.7,110.8,127.6
15,WEIGHTKG,1,33,79.3,50.3,53.8,57.6,63.5,73.3,91.5,101.7,110.8,127.6
16,WEIGHTKG,1,34,79.3,50.3,53.8,57.6,63.5,73.3,91.5,101.7,110.8,127.6
17,WEIGHTKG,1,35,79.3,50.3,53.8,57.6,63.5,73.3,91.5,101.7,110.8,127.6
18,WEIGHTKG,1,36,79.3,50.3,53.8,57.6,63.5,73.3,91.5,101.7,110.8,127.6
19,WEIGHTKG,1,37,79.3,50.3,53.8,57.6,63.5,73.3,91.5,101.7,110.8,127.6
20,WEIGHTKG,1,38,79.3,50.3,53.8,57.6,63.5,73.3,91.5,101.7,110.8,127.6
21,WEIGHTKG,1,39,79.3,50.3,53.8,57.6,63.5,73.3,91.5,101.7,110.8,127.6
22,WEIGHTKG,1,40,80.05,51.8,55.4,58.75,64.05,74.25,91.8,102.5,112.0,125.69999999999999
23,WEIGHTKG,1,41,80.8,53.3,57.0,59.9,64.6,75.2,92.1,103.3,113.2,123.8
24,WEIGHTKG,1,42,80.8,53.3,57.0,59.9,64.6,75.2,92.1,103.3,113.2,123.8
25,WEIGHTKG,1,43,80.8,53.3,57.0,59.9,64.6,75.2,92.1,103.3,113.2,123.8
26,WEIGHTKG,1,44,80.8,53.3,57.0,59.9,64.6,75.2,92.1,103.3,113.2,123.8
27,WEIGHTKG,1,45,80.8,53.3,57.0,59.9,64.6,75.2,92.1,103.3,113.2,123.8
28,WEIGHTKG,1,46,80.8,53.3,57.0,59.9,64.6,75.2,92.1,103.3,113.2,123.8
29,WEIGHTKG,1,47,80.8,53.3,57.0,59.9,64.6,75.2,92.1,103.3,113.2,123.8
30,WEIGHTKG,1,48,80.8,53.3,57.0,59.9,64.6,75.2,92.1,103.3,113.2,123.8
31,WEIGHTKG,1,49,80.8,53.3,57.0,59.9,64.6,75.2,92.1,103.3,113.2,123.8
32,WEIGHTKG,1,50,79.75,51.25,56.1,59.4,64.15,74.9,91.1,100.55,109.0,122.44999999999999
33,WEIGHTKG,1,51,78.7,49.2,55.2,58.9,63.7,74.6,90.1,97.8,104.8,121.1
34,WEIGHTKG,1,52,78.7,49.2,55.2,58.9,63.7,74.6,90.1,97.8,104.8,121.1
35,WEIGHTKG,1,53,78.7,49.2,55.2,58.9,63.7,74.6,90.1,97.8,104.8,121.1
36,WEIGHTKG,1,54,78.7,49.2,55.2,58.9,63.7,74.6,90.1,97.8,104.8,121.1
37,WEIGHTKG,1,55,78.7,49.2,55.2,58.9,63.7,74.6,90.1,97.8,104.8,121.1
38,WEIGHTKG,1,56,78.7,49.2,55.2,58.9,63.7,74.6,90.1,97.8,104.8,121.1
39,WEIGHTKG,1,57,78.7,49.2,55.2,58.9,63.7,74.6,90.1,97.8,104.8,121.1
40,WEIGHTKG,1,58,78.7,49.2,55.2,58.9,63.7,74.6,90.1,97.8,104.8,121.1
41,WEIGHTKG,1,59,78.7,49.2,55.2,58.9,63.7,74.6,90.1,97.8,104.8,121.1
42,WEIGHTKG,1,60,78.45,50.0,55.85,59.099999999999994,64.0,74.85,89.69999999999999,97.94999999999999,104.25,116.9
43,WEIGHTKG,1,61,78.2,50.8,56.5,59.3,64.3,75.1,89.3,98.1,103.7,112.7
44,WEIGHTKG,1,62,78.2,50.8,56.5,59.3,64.3,75.1,89.3,98.1,103.7,112.7
45,WEIGHTKG,1,63,78.2,50.8,56.5,59.3,64.3,75.1,89.3,98.1,103.7,112.7
46,WEIGHTKG,1,64,78.2,50.8,56.5,59.3,64.3,75.1,89.3,98.1,103.7,112.7
47,WEIGHTKG,1,65,78.2,50.8,56.5,59.3,64.3,75.1,89.3,98.1,103.7,112.7
48,WEIGHTKG,1,66,78.2,50.8,56.5,59.3,64.3,75.1,89.3,98.1,103.7,112.7
49,WEIGHTKG,1,67,78.2,50.8,56.5,59.3,64.3,75.1,89.3,98.1,103.7,112.7
50,WEIGHTKG,1,68,78.2,50.8,56.5,59.3,64.3,75.1,89.3,98.1,103.7,112.7
51,WEIGHTKG,1,69,78.2,50.8,56.5,59.3,64.3,75.1,89.3,98.1,103.7,112.7
52,WEIGHTKG,1,70,76.45,50.75,55.4,58.349999999999994,63.55,74.15,86.6,93.69999999999999,99.4,110.0
53,WEIGHTKG,1,71,74.7,50.7,54.3,57.4,62.8,73.2,83.9,89.3,95.1,107.3
54,WEIGHTKG,1,72,74.7,50.7,54.3,57.4,62.8,73.2,83.9,89.3,95.1,107.3
55,WEIGHTKG,1,73,74.7,50.7,54.3,57.4,62.8,73.2,83.9,89.3,95.1,107.3
56,WEIGHTKG,1,74,74.7,50.7,54.3,57.4,62.8,73.2,83.9,89.3,95.1,107.3
57,WEIGHTKG,1,75,74.7,50.7,54.3,57.4,62.8,73.2,83.9,89.3,95.1,107.3
58,WEIGHTKG,1,76,74.7,50.7,54.3,57.4,62.8,73.2,83.9,89.3,95.1,107.3
59,WEIGHTKG,1,77,74.7,50.7,54.3,57.4,62.8,73.2,83.9,89.3,95.1,107.3
60,WEIGHTKG,1,78,74.7,50.7,54.3,57.4,62.8,73.2,83.9,89.3,95.1,107.3
61,WEIGHTKG,1,79,74.7,50.7,54.3,57.4,62.8,73.2,83.9,89.3,95.1,107.3
62,WEIGHTKG,1,80,71.30000000000001,48.55,52.15,55.3,60.05,69.75,80.1,85.8,90.69999999999999,102.05
63,WEIGHTKG,1,81,67.9,46.4,50.0,53.2,57.3,66.3,76.3,82.3,86.3,96.8
64,WEIGHTKG,1,82,67.9,46.4,50.0,53.2,57.3,66.3,76.3,82.3,86.3,96.8
65,WEIGHTKG,1,83,67.9,46.4,50.0,53.2,57.3,66.3,76.3,82.3,86.3,96.8
66,WEIGHTKG,1,84,67.9,46.4,50.0,53.2,57.3,66.3,76.3,82.3,86.3,96.8
67,WEIGHTKG,1,85,67.9,46.4,50.0,53.2,57.3,66.3,76.3,82.3,86.3,96.8
68,WEIGHTKG,1,86,67.9,46.4,50.0,53.2,57.3,66.3,76.3,82.3,86.3,96.8
69,WEIGHTKG,1,87,67.9,46.4,50.0,53.2,57.3,66.3,76.3,82.3,86.3,96.8
70,WEIGHTKG,1,88,67.9,46.4,50.0,53.2,57.3,66.3,76.3,82.3,86.3,96.8
71,WEIGHTKG,1,89,67.9,46.4,50.0,53.2,57.3,66.3,76.3,82.3,86.3,96.8
72,WEIGHTKG,1,90,67.9,46.4,50.0,53.2,57.3,66.3,76.3,82.3,86.3,96.8
73,WEIGHTKG,1,91,67.9,46.4,50.0,53.2,57.3,66.3,76.3,82.3,86.3,96.8
74,WEIGHTKG,1,92,67.9,46.4,50.0,53.2,57.3,66.3,76.3,82.3,86.3,96.8
75,WEIGHTKG,1,93,67.9,46.4,50.0,53.2,57.3,66.3,76.3,82.3,86.3,96.8
76,WEIGHTKG,1,94,67.9,46.4,50.0,53.2,57.3,66.3,76.3,82.3,86.3,96.8
77,WEIGHTKG,1,95,67.9,46.4,50.0,53.2,57.3,66.3,76.3,82.3,86.3,96.8
78,WEIGHTKG,1,96,67.9,46.4,50.0,53.2,57.3,66.3,76.3,82.3,86.3,96.8
79,WEIGHTKG,1,97,67.9,46.4,50.0,53.2,57.3,66.3,76.3,82.3,86.3,96.8
80,WEIGHTKG,1,98,67.9,46.4,50.0,53.2,57.3,66.3,76.3,82.3,86.3,96.8
81,WEIGHTKG,1,99,67.9,46.4,50.0,53.2,57.3,66.3,76.3,82.3,86.3,96.8
82,WEIGHTKG,1,100,67.9,46.4,50.0,53.2,57.3,66.3,76.3,82.3,86.3,96.8
83,WEIGHTKG,1,101,67.9,46.4,50.0,53.2,57.3,66.3,76.3,82.3,86.3,96.8
84,WEIGHTKG,1,102,67.9,46.4,50.0,53.2,57.3,66.3,76.3,82.3,86.3,96.8
85,WEIGHTKG,1,103,67.9,46.4,50.0,53.2,57.3,66.3,76.3,82.3,86.3,96.8
86,WEIGHTKG,1,104,67.9,46.4,50.0,53.2,57.3,66.3,76.3,82.3,86.3,96.8
87,WEIGHTKG,1,105,67.9,46.4,50.0,53.2,57.3,66.3,76.3,82.3,86.3,96.8
88,WEIGHTKG,1,106,67.9,46.4,50.0,53.2,57.3,66.3,76.3,82.3,86.3,96.8
89,WEIGHTKG,1,107,67.9,46.4,50.0,53.2,57.3,66.3,76.3,82.3,86.3,96.8
90,WEIGHTKG,1,108,67.9,46.4,50.0,53.2,57.3,66.3,76.3,82.3,86.3,96.8
91,WEIGHTKG,1,109,67.9,46.4,50.0,53.2,57.3,66.3,76.3,82.3,86.3,96.8
92,WEIGHTKG,1,110,67.9,46.4,50.0,53.2,57.3,66.3,76.3,82.3,86.3,96.8
93,WEIGHTKG,0,18,85.5,58.3,61.5,64.0,69.3,81.3,98.2,109.8,116.0,128.1
94,WEIGHTKG,0,19,85.5,58.3,61.5,64.0,69.3,81.3,98.2,109.8,116.0,128.1
95,WEIGHTKG,0,20,85.5,58.3,61.5,64.0,69.3,81.3,98.2,109.8,116.0,128.1
96,WEIGHTKG,0,21,85.5,58.3,61.5,64.0,69.3,81.3,98.2,109.8,116.0,128.1
97,WEIGHTKG,0,22,85.5,58.3,61.5,64.0,69.3,81.3,98.2,109.8,116.0,128.1
98,WEIGHTKG,0,23,85.5,58.3,61.5,64.0,69.3,81.3,98.2,109.8,116.0,128.1
99,WEIGHTKG,0,24,85.5,58.3,61.5,64.0,69.3,81.3,98.2,109.8,116.0,128.1
100,WEIGHTKG,0,25,85.5,58.3,61.5,64.0,69.3,81.3,98.2,109.8,116.0,128.1
101,WEIGHTKG,0,26,85.5,58.3,61.5,64.0,69.3,81.3,98.2,109.8,116.0,128.1
102,WEIGHTKG,0,27,85.5,58.3,61.5,64.0,69.3,81.3,98.2,109.8,116.0,128.1
103,WEIGHTKG,0,28,85.5,58.3,61.5,64.0,69.3,81.3,98.2,109.8,116.0,128.1
104,WEIGHTKG,0,29,85.5,58.3,61.5,64.0,69.3,81.3,98.2,109.8,116.0,128.1
105,WEIGHTKG,0,30,89.95,61.65,65.85,68.8,73.44999999999999,85.5,101.4,113.0,119.9,134.0
106,WEIGHTKG,0,31,94.4,65.0,70.2,73.6,77.6,89.7,104.6,116.2,123.8,139.9
107,WEIGHTKG,0,32,94.4,65.0,70.2,73.6,77.6,89.7,104.6,116.2,123.8,139.9
108,WEIGHTKG,0,33,94.4,65.0,70.2,73.6,77.6,89.7,104.6,116.2,123.8,139.9
109,WEIGHTKG,0,34,94.4,65.0,70.2,73.6,77.6,89.7,104.6,116.2,123.8,139.9
110,WEIGHTKG,0,35,94.4,65.0,70.2,73.6,77.6,89.7,104.6,116.2,123.8,139.9
111,WEIGHTKG,0,36,94.4,65.0,70.2,73.6,77.6,89.7,104.6,116.2,123.8,139.9
112,WEIGHTKG,0,37,94.4,65.0,70.2,73.6,77.6,89.7,104.6,116.2,123.8,139.9
113,WEIGHTKG,0,38,94.4,65.0,70.2,73.6,77.6,89.7,104.6,116.2,123.8,139.9
114,WEIGHTKG,0,39,94.4,65.0,70.2,73.6,77.6,89.7,104.6,116.2,123.8,139.9
115,WEIGHTKG,0,40,94.15,65.65,70.15,74.05,78.75,90.1,104.3,114.95,121.69999999999999,136.60000000000002
116,WEIGHTKG,0,41,93.9,66.3,70.1,74.5,79.9,90.5,104.0,113.7,119.6,133.3
117,WEIGHTKG,0,42,93.9,66.3,70.1,74.5,79.9,90.5,104.0,113.7,119.6,133.3
118,WEIGHTKG,0,43,93.9,66.3,70.1,74.5,79.9,90.5,104.0,113.7,119.6,133.3
119,WEIGHTKG,0,44,93.9,66.3,70.1,74.5,79.9,90.5,104.0,113.7,119.6,133.3
120,WEIGHTKG,0,45,93.9,66.3,70.1,74.5,79.9,90.5,104.0,113.7,119.6,133.3
121,WEIGHTKG,0,46,93.9,66.3,70.1,74.5,79.9,90.5,104.0,113.7,119.6,133.3
122,WEIGHTKG,0,47,93.9,66.3,70.1,74.5,79.9,90.5,104.0,113.7,119.6,133.3
123,WEIGHTKG,0,48,93.9,66.3,70.1,74.5,79.9,90.5,104.0,113.7,119.6,133.3
124,WEIGHTKG,0,49,93.9,66.3,70.1,74.5,79.9,90.5,104.0,113.7,119.6,133.3
125,WEIGHTKG,0,50,92.9,64.75,69.3,72.75,78.30000000000001,90.05,103.0,112.05000000000001,121.75,131.95
126,WEIGHTKG,0,51,91.9,63.2,68.5,71.0,76.7,89.6,102.0,110.4,123.9,130.6
127,WEIGHTKG,0,52,91.9,63.2,68.5,71.0,76.7,89.6,102.0,110.4,123.9,130.6
128,WEIGHTKG,0,53,91.9,63.2,68.5,71.0,76.7,89.6,102.0,110.4,123.9,130.6
129,WEIGHTKG,0,54,91.9,63.2,68.5,71.0,76.7,89.6,102.0,110.4,123.9,130.6
130,WEIGHTKG,0,55,91.9,63.2,68.5,71.0,76.7,89.6,102.0,110.4,123.9,130.6
131,WEIGHTKG,0,56,91.9,63.2,68.5,71.0,76.7,89.6,102.0,110.4,123.9,130.6
132,WEIGHTKG,0,57,91.9,63.2,68.5,71.0,76.7,89.6,102.0,110.4,123.9,130.6
133,WEIGHTKG,0,58,91.9,63.2,68.5,71.0,76.7,89.6,102.0,110.4,123.9,130.6
134,WEIGHTKG,0,59,91.9,63.2,68.5,71.0,76.7,89.6,102.0,110.4,123.9,130.6
135,WEIGHTKG,0,60,91.55000000000001,62.75,68.05,70.9,76.6,89.55,102.45,110.05000000000001,120.30000000000001,129.35
136,WEIGHTKG,0,61,91.2,62.3,67.6,70.8,76.5,89.5,102.9,109.7,116.7,128.1
137,WEIGHTKG,0,62,91.2,62.3,67.6,70.8,76.5,89.5,102.9,109.7,116.7,128.1
138,WEIGHTKG,0,63,91.2,62.3,67.6,70.8,76.5,89.5,102.9,109.7,116.7,128.1
139,WEIGHTKG,0,64,91.2,62.3,67.6,70.8,76.5,89.5,102.9,109.7,116.7,128.1
140,WEIGHTKG,0,65,91.2,62.3,67.6,70.8,76.5,89.5,102.9,109.7,116.7,128.1
141,WEIGHTKG,0,66,91.2,62.3,67.6,70.8,76.5,89.5,102.9,109.7,116.7,128.1
142,WEIGHTKG,0,67,91.2,62.3,67.6,70.8,76.5,89.5,102.9,109.7,116.7,128.1
143,WEIGHTKG,0,68,91.2,62.3,67.6,70.8,76.5,89.5,102.9,109.7,116.7,128.1
144,WEIGHTKG,0,69,91.2,62.3,67.6,70.8,76.5,89.5,102.9,109.7,116.7,128.1
145,WEIGHTKG,0,70,89.45,61.4,67.3,70.19999999999999,76.1,87.4,100.45,107.75,112.7,123.55
146,WEIGHTKG,0,71,87.7,60.5,67.0,69.6,75.7,85.3,98.0,105.8,108.7,119.0
147,WEIGHTKG,0,72,87.7,60.5,67.0,69.6,75.7,85.3,98.0,105.8,108.7,119.0
148,WEIGHTKG,0,73,87.7,60.5,67.0,69.6,75.7,85.3,98.0,105.8,108.7,119.0
149,WEIGHTKG,0,74,87.7,60.5,67.0,69.6,75.7,85.3,98.0,105.8,108.7,119.0
150,WEIGHTKG,0,75,87.7,60.5,67.0,69.6,75.7,85.3,98.0,105.8,108.7,119.0
151,WEIGHTKG,0,76,87.7,60.5,67.0,69.6,75.7,85.3,98.0,105.8,108.7,119.0
152,WEIGHTKG,0,77,87.7,60.5,67.0,69.6,75.7,85.3,98.0,105.8,108.7,119.0
153,WEIGHTKG,0,78,87.7,60.5,67.0,69.6,75.7,85.3,98.0,105.8,108.7,119.0
154,WEIGHTKG,0,79,87.7,60.5,67.0,69.6,75.7,85.3,98.0,105.8,108.7,119.0
155,WEIGHTKG,0,80,84.1,58.35,64.5,67.1,72.45,82.44999999999999,94.0,101.5,103.95,113.45
156,WEIGHTKG,0,81,80.5,56.2,62.0,64.6,69.2,79.6,90.0,97.2,99.2,107.9
157,WEIGHTKG,0,82,80.5,56.2,62.0,64.6,69.2,79.6,90.0,97.2,99.2,107.9
158,WEIGHTKG,0,83,80.5,56.2,62.0,64.6,69.2,79.6,90.0,97.2,99.2,107.9
159,WEIGHTKG,0,84,80.5,56.2,62.0,64.6,69.2,79.6,90.0,97.2,99.2,107.9
160,WEIGHTKG,0,85,80.5,56.2,62.0,64.6,69.2,79.6,90.0,97.2,99.2,107.9
161,WEIGHTKG,0,86,80.5,56.2,62.0,64.6,69.2,79.6,90.0,97.2,99.2,107.9
162,WEIGHTKG,0,87,80.5,56.2,62.0,64.6,69.2,79.6,90.0,97.2,99.2,107.9
163,WEIGHTKG,0,88,80.5,56.2,62.0,64.6,69.2,79.6,90.0,97.2,99.2,107.9
164,WEIGHTKG,0,89,80.5,56.2,62.0,64.6,69.2,79.6,90.0,97.2,99.2,107.9
165,WEIGHTKG,0,90,80.5,56.2,62.0,64.6,69.2,79.6,90.0,97.2,99.2,107.9
166,WEIGHTKG,0,91,80.5,56.2,62.0,64.6,69.2,79.6,90.0,97.2,99.2,107.9
167,WEIGHTKG,0,92,80.5,56.2,62.0,64.6,69.2,79.6,90.0,97.2,99.2,107.9
168,WEIGHTKG,0,93,80.5,56.2,62.0,64.6,69.2,79.6,90.0,97.2,99.2,107.9
169,WEIGHTKG,0,94,80.5,56.2,62.0,64.6,69.2,79.6,90.0,97.2,99.2,107.9
170,WEIGHTKG,0,95,80.5,56.2,62.0,64.6,69.2,79.6,90.0,97.2,99.2,107.9
171,WEIGHTKG,0,96,80.5,56.2,62.0,64.6,69.2,79.6,90.0,97.2,99.2,107.9
172,WEIGHTKG,0,97,80.5,56.2,62.0,64.6,69.2,79.6,90.0,97.2,99.2,107.9
173,WEIGHTKG,0,98,80.5,56.2,62.0,64.6,69.2,79.6,90.0,97.2,99.2,107.9
174,WEIGHTKG,0,99,80.5,56.2,62.0,64.6,69.2,79.6,90.0,97.2,99.2,107.9
175,WEIGHTKG,0,100,80.5,56.2,62.0,64.6,69.2,79.6,90.0,97.2,99.2,107.9
176,WEIGHTKG,0,101,80.5,56.2,62.0,64.6,69.2,79.6,90.0,97.2,99.2,107.9
177,WEIGHTKG,0,102,80.5,56.2,62.0,64.6,69.2,79.6,90.0,97.2,99.2,107.9
178,WEIGHTKG,0,103,80.5,56.2,62.0,64.6,69.2,79.6,90.0,97.2,99.2,107.9
179,WEIGHTKG,0,104,80.5,56.2,62.0,64.6,69.2,79.6,90.0,97.2,99.2,107.9
180,WEIGHTKG,0,105,80.5,56.2,62.0,64.6,69.2,79.6,90.0,97.2,99.2,107.9
181,WEIGHTKG,0,106,80.5,56.2,62.0,64.6,69.2,79.6,90.0,97.2,99.2,107.9
182,WEIGHTKG,0,107,80.5,56.2,62.0,64.6,69.2,79.6,90.0,97.2,99.2,107.9
183,WEIGHTKG,0,108,80.5,56.2,62.0,64.6,69.2,79.6,90.0,97.2,99.2,107.9
184,WEIGHTKG,0,109,80.5,56.2,62.0,64.6,69.2,79.6,90.0,97.2,99.2,107.9
185,WEIGHTKG,0,110,80.5,56.2,62.0,64.6,69.2,79.6,90.0,97.2,99.2,107.9
186,HEIGHTCM,1,18,162.6,151.0,153.8,155.3,158.1,162.8,167.0,169.5,170.8,172.8
187,HEIGHTCM,1,19,162.6,151.0,153.8,155.3,158.1,162.8,167.0,169.5,170.8,172.8
188,HEIGHTCM,1,20,162.6,151.0,153.8,155.3,158.1,162.8,167.0,169.5,170.8,172.8
189,HEIGHTCM,1,21,162.6,151.0,153.8,155.3,158.1,162.8,167.0,169.5,170.8,172.8
190,HEIGHTCM,1,22,162.6,151.0,153.8,155.3,158.1,162.8,167.0,169.5,170.8,172.8
191,HEIGHTCM,1,23,162.6,151.0,153.8,155.3,158.1,162.8,167.0,169.5,170.8,172.8
192,HEIGHTCM,1,24,162.6,151.0,153.8,155.3,158.1,162.8,167.0,169.5,170.8,172.8
193,HEIGHTCM,1,25,162.6,151.0,153.8,155.3,158.1,162.8,167.0,169.5,170.8,172.8
194,HEIGHTCM,1,26,162.6,151.0,153.8,155.3,158.1,162.8,167.0,169.5,170.8,172.8
195,HEIGHTCM,1,27,162.6,151.0,153.8,155.3,158.1,162.8,167.0,169.5,170.8,172.8
196,HEIGHTCM,1,28,162.6,151.0,153.8,155.3,158.1,162.8,167.0,169.5,170.8,172.8
197,HEIGHTCM,1,29,162.6,151.0,153.8,155.3,158.1,162.8,167.0,169.5,170.8,172.8
198,HEIGHTCM,1,30,162.64999999999998,151.1,153.95,155.4,158.0,162.7,167.35,169.8,171.05,173.10000000000002
199,HEIGHTCM,1,31,162.7,151.2,154.1,155.5,157.9,162.6,167.7,170.1,171.3,173.4
200,HEIGHTCM,1,32,162.7,151.2,154.1,155.5,157.9,162.6,167.7,170.1,171.3,173.4
201,HEIGHTCM,1,33,162.7,151.2,154.1,155.5,157.9,162.6,167.7,170.1,171.3,173.4
202,HEIGHTCM,1,34,162.7,151.2,154.1,155.5,157.9,162.6,167.7,170.1,171.3,173.4
203,HEIGHTCM,1,35,162.7,151.2,154.1,155.5,157.9,162.6,167.7,170.1,171.3,173.4
204,HEIGHTCM,1,36,162.7,151.2,154.1,155.5,157.9,162.6,167.7,170.1,171.3,173.4
205,HEIGHTCM,1,37,162.7,151.2,154.1,155.5,157.9,162.6,167.7,170.1,171.3,173.4
206,HEIGHTCM,1,38,162.7,151.2,154.1,155.5,157.9,162.6,167.7,170.1,171.3,173.4
207,HEIGHTCM,1,39,162.7,151.2,154.1,155.5,157.9,162.6,167.7,170.1,171.3,173.4
208,HEIGHTCM,1,40,162.5,150.95,153.5,155.05,157.8,162.6,167.14999999999998,169.75,171.35000000000002,173.8
209,HEIGHTCM,1,41,162.3,150.7,152.9,154.6,157.7,162.6,166.6,169.4,171.4,174.2
210,HEIGHTCM,1,42,162.3,150.7,152.9,154.6,157.7,162.6,166.6,169.4,171.4,174.2
211,HEIGHTCM,1,43,162.3,150.7,152.9,154.6,157.7,162.6,166.6,169.4,171.4,174.2
212,HEIGHTCM,1,44,162.3,150.7,152.9,154.6,157.7,162.6,166.6,169.4,171.4,174.2
213,HEIGHTCM,1,45,162.3,150.7,152.9,154.6,157.7,162.6,166.6,169.4,171.4,174.2
214,HEIGHTCM,1,46,162.3,150.7,152.9,154.6,157.7,162.6,166.6,169.4,171.4,174.2
215,HEIGHTCM,1,47,162.3,150.7,152.9,154.6,157.7,162.6,166.6,169.4,171.4,174.2
216,HEIGHTCM,1,48,162.3,150.7,152.9,154.6,157.7,162.6,166.6,169.4,171.4,174.2
217,HEIGHTCM,1,49,162.3,150.7,152.9,154.6,157.7,162.6,166.6,169.4,171.4,174.2
218,HEIGHTCM,1,50,161.8,150.7,152.9,154.39999999999998,157.1,161.75,166.25,169.10000000000002,170.75,172.8
219,HEIGHTCM,1,51,161.3,150.7,152.9,154.2,156.5,160.9,165.9,168.8,170.1,171.4
220,HEIGHTCM,1,52,161.3,150.7,152.9,154.2,156.5,160.9,165.9,168.8,170.1,171.4
221,HEIGHTCM,1,53,161.3,150.7,152.9,154.2,156.5,160.9,165.9,168.8,170.1,171.4
222,HEIGHTCM,1,54,161.3,150.7,152.9,154.2,156.5,160.9,165.9,168.8,170.1,171.4
223,HEIGHTCM,1,55,161.3,150.7,152.9,154.2,156.5,160.9,165.9,168.8,170.1,171.4
224,HEIGHTCM,1,56,161.3,150.7,152.9,154.2,156.5,160.9,165.9,168.8,170.1,171.4
225,HEIGHTCM,1,57,161.3,150.7,152.9,154.2,156.5,160.9,165.9,168.8,170.1,171.4
226,HEIGHTCM,1,58,161.3,150.7,152.9,154.2,156.5,160.9,165.9,168.8,170.1,171.4
227,HEIGHTCM,1,59,161.3,150.7,152.9,154.2,156.5,160.9,165.9,168.8,170.1,171.4
228,HEIGHTCM,1,60,161.0,150.0,152.8,154.0,156.2,160.85000000000002,165.60000000000002,168.2,169.5,171.55
229,HEIGHTCM,1,61,160.7,149.3,152.7,153.8,155.9,160.8,165.3,167.6,168.9,171.7
230,HEIGHTCM,1,62,160.7,149.3,152.7,153.8,155.9,160.8,165.3,167.6,168.9,171.7
231,HEIGHTCM,1,63,160.7,149.3,152.7,153.8,155.9,160.8,165.3,167.6,168.9,171.7
232,HEIGHTCM,1,64,160.7,149.3,152.7,153.8,155.9,160.8,165.3,167.6,168.9,171.7
233,HEIGHTCM,1,65,160.7,149.3,152.7,153.8,155.9,160.8,165.3,167.6,168.9,171.7
234,HEIGHTCM,1,66,160.7,149.3,152.7,153.8,155.9,160.8,165.3,167.6,168.9,171.7
235,HEIGHTCM,1,67,160.7,149.3,152.7,153.8,155.9,160.8,165.3,167.6,168.9,171.7
236,HEIGHTCM,1,68,160.7,149.3,152.7,153.8,155.9,160.8,165.3,167.6,168.9,171.7
237,HEIGHTCM,1,69,160.7,149.3,152.7,153.8,155.9,160.8,165.3,167.6,168.9,171.7
238,HEIGHTCM,1,70,159.45,148.4,151.64999999999998,153.05,154.9,159.35000000000002,163.95,166.2,167.4,169.89999999999998
239,HEIGHTCM,1,71,158.2,147.5,150.6,152.3,153.9,157.9,162.6,164.8,165.9,168.1
240,HEIGHTCM,1,72,158.2,147.5,150.6,152.3,153.9,157.9,162.6,164.8,165.9,168.1
241,HEIGHTCM,1,73,158.2,147.5,150.6,152.3,153.9,157.9,162.6,164.8,165.9,168.1
242,HEIGHTCM,1,74,158.2,147.5,150.6,152.3,153.9,157.9,162.6,164.8,165.9,168.1
243,HEIGHTCM,1,75,158.2,147.5,150.6,152.3,153.9,157.9,162.6,164.8,165.9,168.1
244,HEIGHTCM,1,76,158.2,147.5,150.6,152.3,153.9,157.9,162.6,164.8,165.9,168.1
245,HEIGHTCM,1,77,158.2,147.5,150.6,152.3,153.9,157.9,162.6,164.8,165.9,168.1
246,HEIGHTCM,1,78,158.2,147.5,150.6,152.3,153.9,157.9,162.6,164.8,165.9,168.1
247,HEIGHTCM,1,79,158.2,147.5,150.6,152.3,153.9,157.9,162.6,164.8,165.9,168.1
248,HEIGHTCM,1,80,156.89999999999998,146.4,148.85,150.8,152.7,156.85000000000002,161.14999999999998,163.3,164.7,167.39999999999998
249,HEIGHTCM,1,81,155.6,145.3,147.1,149.3,151.5,155.8,159.7,161.8,163.5,166.7
250,HEIGHTCM,1,82,155.6,145.3,147.1,149.3,151.5,155.8,159.7,161.8,163.5,166.7
251,HEIGHTCM,1,83,155.6,145.3,147.1,149.3,151.5,155.8,159.7,161.8,163.5,166.7
252,HEIGHTCM,1,84,155.6,145.3,147.1,149.3,151.5,155.8,159.7,161.8,163.5,166.7
253,HEIGHTCM,1,85,155.6,145.3,147.1,149.3,151.5,155.8,159.7,161.8,163.5,166.7
254,HEIGHTCM,1,86,155.6,145.3,147.1,149.3,151.5,155.8,159.7,161.8,163.5,166.7
255,HEIGHTCM,1,87,155.6,145.3,147.1,149.3,151.5,155.8,159.7,161.8,163.5,166.7
256,HEIGHTCM,1,88,155.6,145.3,147.1,149.3,151.5,155.8,159.7,161.8,163.5,166.7
257,HEIGHTCM,1,89,155.6,145.3,147.1,149.3,151.5,155.8,159.7,161.8,163.5,166.7
258,HEIGHTCM,1,90,155.6,145.3,147.1,149.3,151.5,155.8,159.7,161.8,163.5,166.7
259,HEIGHTCM,1,91,155.6,145.3,147.1,149.3,151.5,155.8,159.7,161.8,163.5,166.7
260,HEIGHTCM,1,92,155.6,145.3,147.1,149.3,151.5,155.8,159.7,161.8,163.5,166.7
261,HEIGHTCM,1,93,155.6,145.3,147.1,149.3,151.5,155.8,159.7,161.8,163.5,166.7
262,HEIGHTCM,1,94,155.6,145.3,147.1,149.3,151.5,155.8,159.7,161.8,163.5,166.7
263,HEIGHTCM,1,95,155.6,145.3,147.1,149.3,151.5,155.8,159.7,161.8,163.5,166.7
264,HEIGHTCM,1,96,155.6,145.3,147.1,149.3,151.5,155.8,159.7,161.8,163.5,166.7
265,HEIGHTCM,1,97,155.6,145.3,147.1,149.3,151.5,155.8,159.7,161.8,163.5,166.7
266,HEIGHTCM,1,98,155.6,145.3,147.1,149.3,151.5,155.8,159.7,161.8,163.5,166.7
267,HEIGHTCM,1,99,155.6,145.3,147.1,149.3,151.5,155.8,159.7,161.8,163.5,166.7
268,HEIGHTCM,1,100,155.6,145.3,147.1,149.3,151.5,155.8,159.7,161.8,163.5,166.7
269,HEIGHTCM,1,101,155.6,145.3,147.1,149.3,151.5,155.8,159.7,161.8,163.5,166.7
270,HEIGHTCM,1,102,155.6,145.3,147.1,149.3,151.5,155.8,159.7,161.8,163.5,166.7
271,HEIGHTCM,1,103,155.6,145.3,147.1,149.3,151.5,155.8,159.7,161.8,163.5,166.7
272,HEIGHTCM,1,104,155.6,145.3,147.1,149.3,151.5,155.8,159.7,161.8,163.5,166.7
273,HEIGHTCM,1,105,155.6,145.3,147.1,149.3,151.5,155.8,159.7,161.8,163.5,166.7
274,HEIGHTCM,1,106,155.6,145.3,147.1,149.3,151.5,155.8,159.7,161.8,163.5,166.7
275,HEIGHTCM,1,107,155.6,145.3,147.1,149.3,151.5,155.8,159.7,161.8,163.5,166.7
276,HEIGHTCM,1,108,155.6,145.3,147.1,149.3,151.5,155.8,159.7,161.8,163.5,166.7
277,HEIGHTCM,1,109,155.6,145.3,147.1,149.3,151.5,155.8,159.7,161.8,163.5,166.7
278,HEIGHTCM,1,110,155.6,145.3,147.1,149.3,151.5,155.8,159.7,161.8,163.5,166.7
279,HEIGHTCM,0,18,175.8,164.5,167.1,168.3,171.0,176.0,180.2,183.1,184.9,187.1
280,HEIGHTCM,0,19,175.8,164.5,167.1,168.3,171.0,176.0,180.2,183.1,184.9,187.1
281,HEIGHTCM,0,20,175.8,164.5,167.1,168.3,171.0,176.0,180.2,183.1,184.9,187.1
282,HEIGHTCM,0,21,175.8,164.5,167.1,168.3,171.0,176.0,180.2,183.1,184.9,187.1
283,HEIGHTCM,0,22,175.8,164.5,167.1,168.3,171.0,176.0,180.2,183.1,184.9,187.1
284,HEIGHTCM,0,23,175.8,164.5,167.1,168.3,171.0,176.0,180.2,183.1,184.9,187.1
285,HEIGHTCM,0,24,175.8,164.5,167.1,168.3,171.0,176.0,180.2,183.1,184.9,187.1
286,HEIGHTCM,0,25,175.8,164.5,167.1,168.3,171.0,176.0,180.2,183.1,184.9,187.1
287,HEIGHTCM,0,26,175.8,164.5,167.1,168.3,171.0,176.0,180.2,183.1,184.9,187.1
288,HEIGHTCM,0,27,175.8,164.5,167.1,168.3,171.0,176.0,180.2,183.1,184.9,187.1
289,HEIGHTCM,0,28,175.8,164.5,167.1,168.3,171.0,176.0,180.2,183.1,184.9,187.1
290,HEIGHTCM,0,29,175.8,164.5,167.1,168.3,171.0,176.0,180.2,183.1,184.9,187.1
291,HEIGHTCM,0,30,176.05,164.0,166.85,168.5,171.1,176.35,180.8,183.8,185.60000000000002,187.89999999999998
292,HEIGHTCM,0,31,176.3,163.5,166.6,168.7,171.2,176.7,181.4,184.5,186.3,188.7
293,HEIGHTCM,0,32,176.3,163.5,166.6,168.7,171.2,176.7,181.4,184.5,186.3,188.7
294,HEIGHTCM,0,33,176.3,163.5,166.6,168.7,171.2,176.7,181.4,184.5,186.3,188.7
295,HEIGHTCM,0,34,176.3,163.5,166.6,168.7,171.2,176.7,181.4,184.5,186.3,188.7
296,HEIGHTCM,0,35,176.3,163.5,166.6,168.7,171.2,176.7,181.4,184.5,186.3,188.7
297,HEIGHTCM,0,36,176.3,163.5,166.6,168.7,171.2,176.7,181.4,184.5,186.3,188.7
298,HEIGHTCM,0,37,176.3,163.5,166.6,168.7,171.2,176.7,181.4,184.5,186.3,188.7
299,HEIGHTCM,0,38,176.3,163.5,166.6,168.7,171.2,176.7,181.4,184.5,186.3,188.7
300,HEIGHTCM,0,39,176.3,163.5,166.6,168.7,171.2,176.7,181.4,184.5,186.3,188.7
301,HEIGHTCM,0,40,176.3,163.55,166.39999999999998,168.5,171.35,176.6,181.4,183.75,185.60000000000002,188.55
302,HEIGHTCM,0,41,176.3,163.6,166.2,168.3,171.5,176.5,181.4,183.0,184.9,188.4
303,HEIGHTCM,0,42,176.3,163.6,166.2,168.3,171.5,176.5,181.4,183.0,184.9,188.4
304,HEIGHTCM,0,43,176.3,163.6,166.2,168.3,171.5,176.5,181.4,183.0,184.9,188.4
305,HEIGHTCM,0,44,176.3,163.6,166.2,168.3,171.5,176.5,181.4,183.0,184.9,188.4
306,HEIGHTCM,0,45,176.3,163.6,166.2,168.3,171.5,176.5,181.4,183.0,184.9,188.4
307,HEIGHTCM,0,46,176.3,163.6,166.2,168.3,171.5,176.5,181.4,183.0,184.9,188.4
308,HEIGHTCM,0,47,176.3,163.6,166.2,168.3,171.5,176.5,181.4,183.0,184.9,188.4
309,HEIGHTCM,0,48,176.3,163.6,166.2,168.3,171.5,176.5,181.4,183.0,184.9,188.4
310,HEIGHTCM,0,49,176.3,163.6,166.2,168.3,171.5,176.5,181.4,183.0,184.9,188.4
311,HEIGHTCM,0,50,175.85000000000002,163.2,165.7,167.95,170.8,175.9,181.0,183.05,184.9,188.05
312,HEIGHTCM,0,51,175.4,162.8,165.2,167.6,170.1,175.3,180.6,183.1,184.9,187.7
313,HEIGHTCM,0,52,175.4,162.8,165.2,167.6,170.1,175.3,180.6,183.1,184.9,187.7
314,HEIGHTCM,0,53,175.4,162.8,165.2,167.6,170.1,175.3,180.6,183.1,184.9,187.7
315,HEIGHTCM,0,54,175.4,162.8,165.2,167.6,170.1,175.3,180.6,183.1,184.9,187.7
316,HEIGHTCM,0,55,175.4,162.8,165.2,167.6,170.1,175.3,180.6,183.1,184.9,187.7
317,HEIGHTCM,0,56,175.4,162.8,165.2,167.6,170.1,175.3,180.6,183.1,184.9,187.7
318,HEIGHTCM,0,57,175.4,162.8,165.2,167.6,170.1,175.3,180.6,183.1,184.9,187.7
319,HEIGHTCM,0,58,175.4,162.8,165.2,167.6,170.1,175.3,180.6,183.1,184.9,187.7
320,HEIGHTCM,0,59,175.4,162.8,165.2,167.6,170.1,175.3,180.6,183.1,184.9,187.7
321,HEIGHTCM,0,60,174.9,162.65,165.1,167.25,169.75,174.8,179.7,182.6,184.3,186.35
322,HEIGHTCM,0,61,174.4,162.5,165.0,166.9,169.4,174.3,178.8,182.1,183.7,185.0
323,HEIGHTCM,0,62,174.4,162.5,165.0,166.9,169.4,174.3,178.8,182.1,183.7,185.0
324,HEIGHTCM,0,63,174.4,162.5,165.0,166.9,169.4,174.3,178.8,182.1,183.7,185.0
325,HEIGHTCM,0,64,174.4,162.5,165.0,166.9,169.4,174.3,178.8,182.1,183.7,185.0
326,HEIGHTCM,0,65,174.4,162.5,165.0,166.9,169.4,174.3,178.8,182.1,183.7,185.0
327,HEIGHTCM,0,66,174.4,162.5,165.0,166.9,169.4,174.3,178.8,182.1,183.7,185.0
328,HEIGHTCM,0,67,174.4,162.5,165.0,166.9,169.4,174.3,178.8,182.1,183.7,185.0
329,HEIGHTCM,0,68,174.4,162.5,165.0,166.9,169.4,174.3,178.8,182.1,183.7,185.0
330,HEIGHTCM,0,69,174.4,162.5,165.0,166.9,169.4,174.3,178.8,182.1,183.7,185.0
331,HEIGHTCM,0,70,173.7,162.0,164.8,166.55,169.0,173.7,178.15,180.7,183.1,184.85
332,HEIGHTCM,0,71,173.0,161.5,164.6,166.2,168.6,173.1,177.5,179.3,182.5,184.7
333,HEIGHTCM,0,72,173.0,161.5,164.6,166.2,168.6,173.1,177.5,179.3,182.5,184.7
334,HEIGHTCM,0,73,173.0,161.5,164.6,166.2,168.6,173.1,177.5,179.3,182.5,184.7
335,HEIGHTCM,0,74,173.0,161.5,164.6,166.2,168.6,173.1,177.5,179.3,182.5,184.7
336,HEIGHTCM,0,75,173.0,161.5,164.6,166.2,168.6,173.1,177.5,179.3,182.5,184.7
337,HEIGHTCM,0,76,173.0,161.5,164.6,166.2,168.6,173.1,177.5,179.3,182.5,184.7
338,HEIGHTCM,0,77,173.0,161.5,164.6,166.2,168.6,173.1,177.5,179.3,182.5,184.7
339,HEIGHTCM,0,78,173.0,161.5,164.6,166.2,168.6,173.1,177.5,179.3,182.5,184.7
340,HEIGHTCM,0,79,173.0,161.5,164.6,166.2,168.6,173.1,177.5,179.3,182.5,184.7
341,HEIGHTCM,0,80,171.7,159.45,162.8,164.6,167.3,171.7,176.4,178.75,181.05,183.5
342,HEIGHTCM,0,81,170.4,157.4,161.0,163.0,166.0,170.3,175.3,178.2,179.6,182.3
343,HEIGHTCM,0,82,170.4,157.4,161.0,163.0,166.0,170.3,175.3,178.2,179.6,182.3
344,HEIGHTCM,0,83,170.4,157.4,161.0,163.0,166.0,170.3,175.3,178.2,179.6,182.3
345,HEIGHTCM,0,84,170.4,157.4,161.0,163.0,166.0,170.3,175.3,178.2,179.6,182.3
346,HEIGHTCM,0,85,170.4,157.4,161.0,163.0,166.0,170.3,175.3,178.2,179.6,182.3
347,HEIGHTCM,0,86,170.4,157.4,161.0,163.0,166.0,170.3,175.3,178.2,179.6,182.3
348,HEIGHTCM,0,87,170.4,157.4,161.0,163.0,166.0,170.3,175.3,178.2,179.6,182.3
349,HEIGHTCM,0,88,170.4,157.4,161.0,163.0,166.0,170.3,175.3,178.2,179.6,182.3
350,HEIGHTCM,0,89,170.4,157.4,161.0,163.0,166.0,170.3,175.3,178.2,179.6,182.3
351,HEIGHTCM,0,90,170.4,157.4,161.0,163.0,166.0,170.3,175.3,178.2,179.6,182.3
352,HEIGHTCM,0,91,170.4,157.4,161.0,163.0,166.0,170.3,175.3,178.2,179.6,182.3
353,HEIGHTCM,0,92,170.4,157.4,161.0,163.0,166.0,170.3,175.3,178.2,179.6,182.3
354,HEIGHTCM,0,93,170.4,157.4,161.0,163.0,166.0,170.3,175.3,178.2,179.6,182.3
355,HEIGHTCM,0,94,170.4,157.4,161.0,163.0,166.0,170.3,175.3,178.2,179.6,182.3
356,HEIGHTCM,0,95,170.4,157.4,161.0,163.0,166.0,170.3,175.3,178.2,179.6,182.3
357,HEIGHTCM,0,96,170.4,157.4,161.0,163.0,166.0,170.3,175.3,178.2,179.6,182.3
358,HEIGHTCM,0,97,170.4,157.4,161.0,163.0,166.0,170.3,175.3,178.2,179.6,182.3
359,HEIGHTCM,0,98,170.4,157.4,161.0,163.0,166.0,170.3,175.3,178.2,179.6,182.3
360,HEIGHTCM,0,99,170.4,157.4,161.0,163.0,166.0,170.3,175.3,178.2,179.6,182.3
361,HEIGHTCM,0,100,170.4,157.4,161.0,163.0,166.0,170.3,175.3,178.2,179.6,182.3
362,HEIGHTCM,0,101,170.4,157.4,161.0,163.0,166.0,170.3,175.3,178.2,179.6,182.3
363,HEIGHTCM,0,102,170.4,157.4,161.0,163.0,166.0,170.3,175.3,178.2,179.6,182.3
364,HEIGHTCM,0,103,170.4,157.4,161.0,163.0,166.0,170.3,175.3,178.2,179.6,182.3
365,HEIGHTCM,0,104,170.4,157.4,161.0,163.0,166.0,170.3,175.3,178.2,179.6,182.3
366,HEIGHTCM,0,105,170.4,157.4,161.0,163.0,166.0,170.3,175.3,178.2,179.6,182.3
367,HEIGHTCM,0,106,170.4,157.4,161.0,163.0,166.0,170.3,175.3,178.2,179.6,182.3
368,HEIGHTCM,0,107,170.4,157.4,161.0,163.0,166.0,170.3,175.3,178.2,179.6,182.3
369,HEIGHTCM,0,108,170.4,157.4,161.0,163.0,166.0,170.3,175.3,178.2,179.6,182.3
370,HEIGHTCM,0,109,170.4,157.4,161.0,163.0,166.0,170.3,175.3,178.2,179.6,182.3
371,HEIGHTCM,0,110,170.4,157.4,161.0,163.0,166.0,170.3,175.3,178.2,179.6,182.3
372,BMI,1,18,28.3,18.6,19.6,20.4,21.9,26.2,32.9,37.4,39.6,43.3
373,BMI,1,19,28.3,18.6,19.6,20.4,21.9,26.2,32.9,37.4,39.6,43.3
374,BMI,1,20,28.3,18.6,19.6,20.4,21.9,26.2,32.9,37.4,39.6,43.3
375,BMI,1,21,28.3,18.6,19.6,20.4,21.9,26.2,32.9,37.4,39.6,43.3
376,BMI,1,22,28.3,18.6,19.6,20.4,21.9,26.2,32.9,37.4,39.6,43.3
377,BMI,1,23,28.3,18.6,19.6,20.4,21.9,26.2,32.9,37.4,39.6,43.3
378,BMI,1,24,28.3,18.6,19.6,20.4,21.9,26.2,32.9,37.4,39.6,43.3
379,BMI,1,25,28.3,18.6,19.6,20.4,21.9,26.2,32.9,37.4,39.6,43.3
380,BMI,1,26,28.3,18.6,19.6,20.4,21.9,26.2,32.9,37.4,39.6,43.3
381,BMI,1,27,28.3,18.6,19.6,20.4,21.9,26.2,32.9,37.4,39.6,43.3
382,BMI,1,28,28.3,18.6,19.6,20.4,21.9,26.2,32.9,37.4,39.6,43.3
383,BMI,1,29,28.3,18.6,19.6,20.4,21.9,26.2,32.9,37.4,39.6,43.3
384,BMI,1,30,29.1,19.200000000000003,20.4,21.2,22.75,27.25,33.55,37.8,40.35,44.7
385,BMI,1,31,29.9,19.8,21.2,22.0,23.6,28.3,34.2,38.2,41.1,46.1
386,BMI,1,32,29.9,19.8,21.2,22.0,23.6,28.3,34.2,38.2,41.1,46.1
387,BMI,1,33,29.9,19.8,21.2,22.0,23.6,28.3,34.2,38.2,41.1,46.1
388,BMI,1,34,29.9,19.8,21.2,22.0,23.6,28.3,34.2,38.2,41.1,46.1
389,BMI,1,35,29.9,19.8,21.2,22.0,23.6,28.3,34.2,38.2,41.1,46.1
390,BMI,1,36,29.9,19.8,21.2,22.0,23.6,28.3,34.2,38.2,41.1,46.1
391,BMI,1,37,29.9,19.8,21.2,22.0,23.6,28.3,34.2,38.2,41.1,46.1
392,BMI,1,38,29.9,19.8,21.2,22.0,23.6,28.3,34.2,38.2,41.1,46.1
393,BMI,1,39,29.9,19.8,21.2,22.0,23.6,28.3,34.2,38.2,41.1,46.1
394,BMI,1,40,30.299999999999997,20.200000000000003,21.6,22.4,24.0,28.450000000000003,34.5,38.75,42.1,46.35
395,BMI,1,41,30.7,20.6,22.0,22.8,24.4,28.6,34.8,39.3,43.1,46.6
396,BMI,1,42,30.7,20.6,22.0,22.8,24.4,28.6,34.8,39.3,43.1,46.6
397,BMI,1,43,30.7,20.6,22.0,22.8,24.4,28.6,34.8,39.3,43.1,46.6
398,BMI,1,44,30.7,20.6,22.0,22.8,24.4,28.6,34.8,39.3,43.1,46.6
399,BMI,1,45,30.7,20.6,22.0,22.8,24.4,28.6,34.8,39.3,43.1,46.6
400,BMI,1,46,30.7,20.6,22.0,22.8,24.4,28.6,34.8,39.3,43.1,46.6
401,BMI,1,47,30.7,20.6,22.0,22.8,24.4,28.6,34.8,39.3,43.1,46.6
402,BMI,1,48,30.7,20.6,22.0,22.8,24.4,28.6,34.8,39.3,43.1,46.6
403,BMI,1,49,30.7,20.6,22.0,22.8,24.4,28.6,34.8,39.3,43.1,46.6
404,BMI,1,50,30.5,20.1,21.75,22.65,24.35,28.85,34.5,38.5,42.3,46.150000000000006
405,BMI,1,51,30.3,19.6,21.5,22.5,24.3,29.1,34.2,37.7,41.5,45.7
406,BMI,1,52,30.3,19.6,21.5,22.5,24.3,29.1,34.2,37.7,41.5,45.7
407,BMI,1,53,30.3,19.6,21.5,22.5,24.3,29.1,34.2,37.7,41.5,45.7
408,BMI,1,54,30.3,19.6,21.5,22.5,24.3,29.1,34.2,37.7,41.5,45.7
409,BMI,1,55,30.3,19.6,21.5,22.5,24.3,29.1,34.2,37.7,41.5,45.7
410,BMI,1,56,30.3,19.6,21.5,22.5,24.3,29.1,34.2,37.7,41.5,45.7
411,BMI,1,57,30.3,19.6,21.5,22.5,24.3,29.1,34.2,37.7,41.5,45.7
412,BMI,1,58,30.3,19.6,21.5,22.5,24.3,29.1,34.2,37.7,41.5,45.7
413,BMI,1,59,30.3,19.6,21.5,22.5,24.3,29.1,34.2,37.7,41.5,45.7
414,BMI,1,60,30.3,20.0,21.85,22.85,24.6,29.15,34.45,37.45,40.5,44.3
415,BMI,1,61,30.3,20.4,22.2,23.2,24.9,29.2,34.7,37.2,39.5,42.9
416,BMI,1,62,30.3,20.4,22.2,23.2,24.9,29.2,34.7,37.2,39.5,42.9
417,BMI,1,63,30.3,20.4,22.2,23.2,24.9,29.2,34.7,37.2,39.5,42.9
418,BMI,1,64,30.3,20.4,22.2,23.2,24.9,29.2,34.7,37.2,39.5,42.9
419,BMI,1,65,30.3,20.4,22.2,23.2,24.9,29.2,34.7,37.2,39.5,42.9
420,BMI,1,66,30.3,20.4,22.2,23.2,24.9,29.2,34.7,37.2,39.5,42.9
421,BMI,1,67,30.3,20.4,22.2,23.2,24.9,29.2,34.7,37.2,39.5,42.9
422,BMI,1,68,30.3,20.4,22.2,23.2,24.9,29.2,34.7,37.2,39.5,42.9
423,BMI,1,69,30.3,20.4,22.2,23.2,24.9,29.2,34.7,37.2,39.5,42.9
424,BMI,1,70,30.05,20.6,22.1,23.25,25.1,29.0,34.0,36.45,38.7,42.5
425,BMI,1,71,29.8,20.8,22.0,23.3,25.3,28.8,33.3,35.7,37.9,42.1
426,BMI,1,72,29.8,20.8,22.0,23.3,25.3,28.8,33.3,35.7,37.9,42.1
427,BMI,1,73,29.8,20.8,22.0,23.3,25.3,28.8,33.3,35.7,37.9,42.1
428,BMI,1,74,29.8,20.8,22.0,23.3,25.3,28.8,33.3,35.7,37.9,42.1
429,BMI,1,75,29.8,20.8,22.0,23.3,25.3,28.8,33.3,35.7,37.9,42.1
430,BMI,1,76,29.8,20.8,22.0,23.3,25.3,28.8,33.3,35.7,37.9,42.1
431,BMI,1,77,29.8,20.8,22.0,23.3,25.3,28.8,33.3,35.7,37.9,42.1
432,BMI,1,78,29.8,20.8,22.0,23.3,25.3,28.8,33.3,35.7,37.9,42.1
433,BMI,1,79,29.8,20.8,22.0,23.3,25.3,28.8,33.3,35.7,37.9,42.1
434,BMI,1,80,28.9,20.35,21.4,22.75,24.55,28.15,32.05,34.6,36.7,40.7
435,BMI,1,81,28.0,19.9,20.8,22.2,23.8,27.5,30.8,33.5,35.5,39.3
436,BMI,1,82,28.0,19.9,20.8,22.2,23.8,27.5,30.8,33.5,35.5,39.3
437,BMI,1,83,28.0,19.9,20.8,22.2,23.8,27.5,30.8,33.5,35.5,39.3
438,BMI,1,84,28.0,19.9,20.8,22.2,23.8,27.5,30.8,33.5,35.5,39.3
439,BMI,1,85,28.0,19.9,20.8,22.2,23.8,27.5,30.8,33.5,35.5,39.3
440,BMI,1,86,28.0,19.9,20.8,22.2,23.8,27.5,30.8,33.5,35.5,39.3
441,BMI,1,87,28.0,19.9,20.8,22.2,23.8,27.5,30.8,33.5,35.5,39.3
442,BMI,1,88,28.0,19.9,20.8,22.2,23.8,27.5,30.8,33.5,35.5,39.3
443,BMI,1,89,28.0,19.9,20.8,22.2,23.8,27.5,30.8,33.5,35.5,39.3
444,BMI,1,90,28.0,19.9,20.8,22.2,23.8,27.5,30.8,33.5,35.5,39.3
445,BMI,1,91,28.0,19.9,20.8,22.2,23.8,27.5,30.8,33.5,35.5,39.3
446,BMI,1,92,28.0,19.9,20.8,22.2,23.8,27.5,30.8,33.5,35.5,39.3
447,BMI,1,93,28.0,19.9,20.8,22.2,23.8,27.5,30.8,33.5,35.5,39.3
448,BMI,1,94,28.0,19.9,20.8,22.2,23.8,27.5,30.8,33.5,35.5,39.3
449,BMI,1,95,28.0,19.9,20.8,22.2,23.8,27.5,30.8,33.5,35.5,39.3
450,BMI,1,96,28.0,19.9,20.8,22.2,23.8,27.5,30.8,33.5,35.5,39.3
451,BMI,1,97,28.0,19.9,20.8,22.2,23.8,27.5,30.8,33.5,35.5,39.3
452,BMI,1,98,28.0,19.9,20.8,22.2,23.8,27.5,30.8,33.5,35.5,39.3
453,BMI,1,99,28.0,19.9,20.8,22.2,23.8,27.5,30.8,33.5,35.5,39.3
454,BMI,1,100,28.0,19.9,20.8,22.2,23.8,27.5,30.8,33.5,35.5,39.3
455,BMI,1,101,28.0,19.9,20.8,22.2,23.8,27.5,30.8,33.5,35.5,39.3
456,BMI,1,102,28.0,19.9,20.8,22.2,23.8,27.5,30.8,33.5,35.5,39.3
457,BMI,1,103,28.0,19.9,20.8,22.2,23.8,27.5,30.8,33.5,35.5,39.3
458,BMI,1,104,28.0,19.9,20.8,22.2,23.8,27.5,30.8,33.5,35.5,39.3
459,BMI,1,105,28.0,19.9,20.8,22.2,23.8,27.5,30.8,33.5,35.5,39.3
460,BMI,1,106,28.0,19.9,20.8,22.2,23.8,27.5,30.8,33.5,35.5,39.3
461,BMI,1,107,28.0,19.9,20.8,22.2,23.8,27.5,30.8,33.5,35.5,39.3
462,BMI,1,108,28.0,19.9,20.8,22.2,23.8,27.5,30.8,33.5,35.5,39.3
463,BMI,1,109,28.0,19.9,20.8,22.2,23.8,27.5,30.8,33.5,35.5,39.3
464,BMI,1,110,28.0,19.9,20.8,22.2,23.8,27.5,30.8,33.5,35.5,39.3
465,BMI,0,18,27.6,18.7,20.0,21.0,22.6,26.5,31.6,34.4,36.8,39.5
466,BMI,0,19,27.6,18.7,20.0,21.0,22.6,26.5,31.6,34.4,36.8,39.5
467,BMI,0,20,27.6,18.7,20.0,21.0,22.6,26.5,31.6,34.4,36.8,39.5
468,BMI,0,21,27.6,18.7,20.0,21.0,22.6,26.5,31.6,34.4,36.8,39.5
469,BMI,0,22,27.6,18.7,20.0,21.0,22.6,26.5,31.6,34.4,36.8,39.5
470,BMI,0,23,27.6,18.7,20.0,21.0,22.6,26.5,31.6,34.4,36.8,39.5
471,BMI,0,24,27.6,18.7,20.0,21.0,22.6,26.5,31.6,34.4,36.8,39.5
472,BMI,0,25,27.6,18.7,20.0,21.0,22.6,26.5,31.6,34.4,36.8,39.5
473,BMI,0,26,27.6,18.7,20.0,21.0,22.6,26.5,31.6,34.4,36.8,39.5
474,BMI,0,27,27.6,18.7,20.0,21.0,22.6,26.5,31.6,34.4,36.8,39.5
475,BMI,0,28,27.6,18.7,20.0,21.0,22.6,26.5,31.6,34.4,36.8,39.5
476,BMI,0,29,27.6,18.7,20.0,21.0,22.6,26.5,31.6,34.4,36.8,39.5
477,BMI,0,30,28.950000000000003,20.15,21.5,22.4,24.0,27.7,32.650000000000006,35.4,37.55,41.45
478,BMI,0,31,30.3,21.6,23.0,23.8,25.4,28.9,33.7,36.4,38.3,43.4
479,BMI,0,32,30.3,21.6,23.0,23.8,25.4,28.9,33.7,36.4,38.3,43.4
480,BMI,0,33,30.3,21.6,23.0,23.8,25.4,28.9,33.7,36.4,38.3,43.4
481,BMI,0,34,30.3,21.6,23.0,23.8,25.4,28.9,33.7,36.4,38.3,43.4
482,BMI,0,35,30.3,21.6,23.0,23.8,25.4,28.9,33.7,36.4,38.3,43.4
483,BMI,0,36,30.3,21.6,23.0,23.8,25.4,28.9,33.7,36.4,38.3,43.4
484,BMI,0,37,30.3,21.6,23.0,23.8,25.4,28.9,33.7,36.4,38.3,43.4
485,BMI,0,38,30.3,21.6,23.0,23.8,25.4,28.9,33.7,36.4,38.3,43.4
486,BMI,0,39,30.3,21.6,23.0,23.8,25.4,28.9,33.7,36.4,38.3,43.4
487,BMI,0,40,30.200000000000003,21.85,23.25,24.25,25.799999999999997,29.0,33.25,35.95,38.2,42.599999999999994
488,BMI,0,41,30.1,22.1,23.5,24.7,26.2,29.1,32.8,35.5,38.1,41.8
489,BMI,0,42,30.1,22.1,23.5,24.7,26.2,29.1,32.8,35.5,38.1,41.8
490,BMI,0,43,30.1,22.1,23.5,24.7,26.2,29.1,32.8,35.5,38.1,41.8
491,BMI,0,44,30.1,22.1,23.5,24.7,26.2,29.1,32.8,35.5,38.1,41.8
492,BMI,0,45,30.1,22.1,23.5,24.7,26.2,29.1,32.8,35.5,38.1,41.8
493,BMI,0,46,30.1,22.1,23.5,24.7,26.2,29.1,32.8,35.5,38.1,41.8
494,BMI,0,47,30.1,22.1,23.5,24.7,26.2,29.1,32.8,35.5,38.1,41.8
495,BMI,0,48,30.1,22.1,23.5,24.7,26.2,29.1,32.8,35.5,38.1,41.8
496,BMI,0,49,30.1,22.1,23.5,24.7,26.2,29.1,32.8,35.5,38.1,41.8
497,BMI,0,50,29.950000000000003,21.950000000000003,23.05,24.35,25.7,29.1,32.8,35.5,37.75,41.75
498,BMI,0,51,29.8,21.8,22.6,24.0,25.2,29.1,32.8,35.5,37.4,41.7
499,BMI,0,52,29.8,21.8,22.6,24.0,25.2,29.1,32.8,35.5,37.4,41.7
500,BMI,0,53,29.8,21.8,22.6,24.0,25.2,29.1,32.8,35.5,37.4,41.7
501,BMI,0,54,29.8,21.8,22.6,24.0,25.2,29.1,32.8,35.5,37.4,41.7
502,BMI,0,55,29.8,21.8,22.6,24.0,25.2,29.1,32.8,35.5,37.4,41.7
503,BMI,0,56,29.8,21.8,22.6,24.0,25.2,29.1,32.8,35.5,37.4,41.7
504,BMI,0,57,29.8,21.8,22.6,24.0,25.2,29.1,32.8,35.5,37.4,41.7
505,BMI,0,58,29.8,21.8,22.6,24.0,25.2,29.1,32.8,35.5,37.4,41.7
506,BMI,0,59,29.8,21.8,22.6,24.0,25.2,29.1,32.8,35.5,37.4,41.7
507,BMI,0,60,29.85,22.0,22.9,23.95,25.5,29.0,33.05,35.4,37.25,41.0
508,BMI,0,61,29.9,22.2,23.2,23.9,25.8,28.9,33.3,35.3,37.1,40.3
509,BMI,0,62,29.9,22.2,23.2,23.9,25.8,28.9,33.3,35.3,37.1,40.3
510,BMI,0,63,29.9,22.2,23.2,23.9,25.8,28.9,33.3,35.3,37.1,40.3
511,BMI,0,64,29.9,22.2,23.2,23.9,25.8,28.9,33.3,35.3,37.1,40.3
512,BMI,0,65,29.9,22.2,23.2,23.9,25.8,28.9,33.3,35.3,37.1,40.3
513,BMI,0,66,29.9,22.2,23.2,23.9,25.8,28.9,33.3,35.3,37.1,40.3
514,BMI,0,67,29.9,22.2,23.2,23.9,25.8,28.9,33.3,35.3,37.1,40.3
515,BMI,0,68,29.9,22.2,23.2,23.9,25.8,28.9,33.3,35.3,37.1,40.3
516,BMI,0,69,29.9,22.2,23.2,23.9,25.8,28.9,33.3,35.3,37.1,40.3
517,BMI,0,70,29.549999999999997,21.549999999999997,23.049999999999997,24.0,25.85,28.549999999999997,33.05,34.9,36.35,38.75
518,BMI,0,71,29.2,20.9,22.9,24.1,25.9,28.2,32.8,34.5,35.6,37.2
519,BMI,0,72,29.2,20.9,22.9,24.1,25.9,28.2,32.8,34.5,35.6,37.2
520,BMI,0,73,29.2,20.9,22.9,24.1,25.9,28.2,32.8,34.5,35.6,37.2
521,BMI,0,74,29.2,20.9,22.9,24.1,25.9,28.2,32.8,34.5,35.6,37.2
522,BMI,0,75,29.2,20.9,22.9,24.1,25.9,28.2,32.8,34.5,35.6,37.2
523,BMI,0,76,29.2,20.9,22.9,24.1,25.9,28.2,32.8,34.5,35.6,37.2
524,BMI,0,77,29.2,20.9,22.9,24.1,25.9,28.2,32.8,34.5,35.6,37.2
525,BMI,0,78,29.2,20.9,22.9,24.1,25.9,28.2,32.8,34.5,35.6,37.2
526,BMI,0,79,29.2,20.9,22.9,24.1,25.9,28.2,32.8,34.5,35.6,37.2
527,BMI,0,80,28.4,21.0,22.6,23.5,25.1,27.7,31.5,33.4,34.8,36.35
528,BMI,0,81,27.6,21.1,22.3,22.9,24.3,27.2,30.2,32.3,34.0,35.5
529,BMI,0,82,27.6,21.1,22.3,22.9,24.3,27.2,30.2,32.3,34.0,35.5
530,BMI,0,83,27.6,21.1,22.3,22.9,24.3,27.2,30.2,32.3,34.0,35.5
531,BMI,0,84,27.6,21.1,22.3,22.9,24.3,27.2,30.2,32.3,34.0,35.5
532,BMI,0,85,27.6,21.1,22.3,22.9,24.3,27.2,30.2,32.3,34.0,35.5
533,BMI,0,86,27.6,21.1,22.3,22.9,24.3,27.2,30.2,32.3,34.0,35.5
534,BMI,0,87,27.6,21.1,22.3,22.9,24.3,27.2,30.2,32.3,34.0,35.5
535,BMI,0,88,27.6,21.1,22.3,22.9,24.3,27.2,30.2,32.3,34.0,35.5
536,BMI,0,89,27.6,21.1,22.3,22.9,24.3,27.2,30.2,32.3,34.0,35.5
537,BMI,0,90,27.6,21.1,22.3,22.9,24.3,27.2,30.2,32.3,34.0,35.5
538,BMI,0,91,27.6,21.1,22.3,22.9,24.3,27.2,30.2,32.3,34.0,35.5
539,BMI,0,92,27.6,21.1,22.3,22.9,24.3,27.2,30.2,32.3,34.0,35.5
540,BMI,0,93,27.6,21.1,22.3,22.9,24.3,27.2,30.2,32.3,34.0,35.5
541,BMI,0,94,27.6,21.1,22.3,22.9,24.3,27.2,30.2,32.3,34.0,35.5
542,BMI,0,95,27.6,21.1,22.3,22.9,24.3,27.2,30.2,32.3,34.0,35.5
543,BMI,0,96,27.6,21.1,22.3,22.9,24.3,27.2,30.2,32.3,34.0,35.5
544,BMI,0,97,27.6,21.1,22.3,22.9,24.3,27.2,30.2,32.3,34.0,35.5
545,BMI,0,98,27.6,21.1,22.3,22.9,24.3,27.2,30.2,32.3,34.0,35.5
546,BMI,0,99,27.6,21.1,22.3,22.9,24.3,27.2,30.2,32.3,34.0,35.5
547,BMI,0,100,27.6,21.1,22.3,22.9,24.3,27.2,30.2,32.3,34.0,35.5
548,BMI,0,101,27.6,21.1,22.3,22.9,24.3,27.2,30.2,32.3,34.0,35.5
549,BMI,0,102,27.6,21.1,22.3,22.9,24.3,27.2,30.2,32.3,34.0,35.5
550,BMI,0,103,27.6,21.1,22.3,22.9,24.3,27.2,30.2,32.3,34.0,35.5
551,BMI,0,104,27.6,21.1,22.3,22.9,24.3,27.2,30.2,32.3,34.0,35.5
552,BMI,0,105,27.6,21.1,22.3,22.9,24.3,27.2,30.2,32.3,34.0,35.5
553,BMI,0,106,27.6,21.1,22.3,22.9,24.3,27.2,30.2,32.3,34.0,35.5
554,BMI,0,107,27.6,21.1,22.3,22.9,24.3,27.2,30.2,32.3,34.0,35.5
555,BMI,0,108,27.6,21.1,22.3,22.9,24.3,27.2,30.2,32.3,34.0,35.5
556,BMI,0,109,27.6,21.1,22.3,22.9,24.3,27.2,30.2,32.3,34.0,35.5
557,BMI,0,110,27.6,21.1,22.3,22.9,24.3,27.2,30.2,32.3,34.0,35.5
